/*
Navicat MySQL Data Transfer

Source Server         : localhost
Source Server Version : 50528
Source Host           : localhost:3306
Source Database       : actuator

Target Server Type    : MYSQL
Target Server Version : 50528
File Encoding         : 65001

Date: 2019-01-07 14:54:07
*/

SET FOREIGN_KEY_CHECKS=0;

-- ----------------------------
-- Table structure for `class_table`
-- ----------------------------
DROP TABLE IF EXISTS `class_table`;
CREATE TABLE `class_table` (
  `id` int(11) NOT NULL AUTO_INCREMENT,
  `bytes1` varchar(255) NOT NULL,
  `bytes2` varchar(255) NOT NULL,
  `compiled` varchar(255) NOT NULL,
  `failed` varchar(255) NOT NULL,
  `invalid` varchar(255) NOT NULL,
  `loaded` varchar(255) NOT NULL,
  `time1` varchar(255) NOT NULL,
  `time2` varchar(255) NOT NULL,
  `unloaded` varchar(255) NOT NULL,
  `date` varchar(255) NOT NULL,
  `name` varchar(255) NOT NULL,
  PRIMARY KEY (`id`)
) ENGINE=MyISAM AUTO_INCREMENT=1440 DEFAULT CHARSET=utf8;

-- ----------------------------
-- Records of class_table
-- ----------------------------
INSERT INTO `class_table` VALUES ('1408', '18', '0', '6095', '3', '0', '10109', '16.05', '19.82', '1', '01/04 17:04:03', 'boot-monitor');
INSERT INTO `class_table` VALUES ('1409', '19', '0', '7202', '3', '0', '10815', '19.85', '24.84', '9', '01/04 17:05:00', 'boot-monitor');
INSERT INTO `class_table` VALUES ('1410', '19', '0', '7551', '3', '0', '10836', '19.85', '27.45', '9', '01/04 17:06:00', 'boot-monitor');
INSERT INTO `class_table` VALUES ('1411', '19', '0', '6300', '1', '0', '10317', '4.13', '20.16', '0', '01/07 12:14:01', 'boot-monitor');
INSERT INTO `class_table` VALUES ('1412', '19', '0', '6751', '1', '0', '10702', '4.53', '20.78', '5', '01/07 12:38:00', 'boot-monitor');
INSERT INTO `class_table` VALUES ('1413', '19', '0', '6215', '1', '0', '10509', '4.64', '17.98', '2', '01/07 13:29:01', 'boot-monitor');
INSERT INTO `class_table` VALUES ('1414', '19', '0', '6387', '1', '0', '10583', '4.88', '19.49', '7', '01/07 13:30:00', 'boot-monitor');
INSERT INTO `class_table` VALUES ('1415', '19', '0', '6256', '1', '0', '10538', '4.46', '15.78', '5', '01/07 13:33:00', 'boot-monitor');
INSERT INTO `class_table` VALUES ('1416', '19', '0', '6416', '2', '0', '10574', '4.37', '18.17', '5', '01/07 13:37:00', 'boot-monitor');
INSERT INTO `class_table` VALUES ('1417', '19', '0', '6613', '2', '0', '10591', '4.38', '18.38', '5', '01/07 13:38:01', 'boot-monitor');
INSERT INTO `class_table` VALUES ('1418', '19', '0', '6311', '0', '0', '10512', '4.72', '18.96', '0', '01/07 13:52:00', 'boot-monitor');
INSERT INTO `class_table` VALUES ('1419', '17', '0', '5568', '0', '0', '9476', '3.90', '12.85', '0', '01/07 13:54:01', 'boot-monitor');
INSERT INTO `class_table` VALUES ('1420', '17', '0', '5736', '0', '0', '9490', '3.90', '13.19', '0', '01/07 13:55:00', 'boot-monitor');
INSERT INTO `class_table` VALUES ('1421', '19', '0', '6398', '0', '0', '10499', '4.52', '17.11', '0', '01/07 13:56:01', 'boot-monitor');
INSERT INTO `class_table` VALUES ('1422', '19', '0', '6692', '0', '0', '10603', '4.78', '17.68', '5', '01/07 13:57:00', 'boot-monitor');
INSERT INTO `class_table` VALUES ('1423', '19', '0', '6797', '0', '0', '10609', '4.78', '18.17', '5', '01/07 13:58:00', 'boot-monitor');
INSERT INTO `class_table` VALUES ('1424', '19', '0', '6878', '0', '0', '10638', '4.78', '18.31', '5', '01/07 13:59:00', 'boot-monitor');
INSERT INTO `class_table` VALUES ('1425', '19', '0', '6957', '0', '0', '10640', '4.78', '18.39', '5', '01/07 14:00:00', 'boot-monitor');
INSERT INTO `class_table` VALUES ('1426', '19', '0', '8278', '0', '0', '10868', '4.86', '23.07', '5', '01/07 14:01:00', 'boot-monitor');
INSERT INTO `class_table` VALUES ('1427', '19', '0', '6681', '0', '0', '10711', '4.89', '15.75', '5', '01/07 14:04:00', 'boot-monitor');
INSERT INTO `class_table` VALUES ('1428', '19', '0', '6655', '1', '0', '10723', '4.86', '17.53', '5', '01/07 14:08:00', 'boot-monitor');
INSERT INTO `class_table` VALUES ('1429', '19', '0', '7501', '1', '0', '10749', '4.87', '18.65', '5', '01/07 14:09:00', 'boot-monitor');
INSERT INTO `class_table` VALUES ('1430', '19', '0', '6693', '4', '0', '10728', '4.79', '16.04', '5', '01/07 14:11:00', 'boot-monitor');
INSERT INTO `class_table` VALUES ('1431', '19', '0', '7428', '4', '0', '10748', '4.79', '17.61', '5', '01/07 14:12:00', 'boot-monitor');
INSERT INTO `class_table` VALUES ('1432', '19', '0', '7148', '1', '0', '10723', '4.60', '17.08', '5', '01/07 14:14:00', 'boot-monitor');
INSERT INTO `class_table` VALUES ('1433', '19', '0', '7049', '0', '0', '10758', '4.68', '17.87', '5', '01/07 14:24:00', 'boot-monitor');
INSERT INTO `class_table` VALUES ('1434', '19', '0', '8057', '0', '0', '10865', '4.70', '20.49', '5', '01/07 14:25:00', 'boot-monitor');
INSERT INTO `class_table` VALUES ('1435', '19', '0', '6291', '1', '0', '10547', '4.60', '15.03', '6', '01/07 14:31:00', 'boot-monitor');
INSERT INTO `class_table` VALUES ('1436', '19', '0', '6452', '1', '0', '10576', '4.85', '15.21', '6', '01/07 14:32:00', 'boot-monitor');
INSERT INTO `class_table` VALUES ('1437', '19', '0', '6585', '1', '0', '10584', '4.85', '15.40', '6', '01/07 14:33:00', 'boot-monitor');
INSERT INTO `class_table` VALUES ('1438', '19', '0', '6807', '0', '0', '10756', '4.45', '16.12', '6', '01/07 14:43:00', 'boot-monitor');
INSERT INTO `class_table` VALUES ('1439', '19', '0', '7645', '0', '0', '10853', '4.46', '17.78', '6', '01/07 14:44:00', 'boot-monitor');

-- ----------------------------
-- Table structure for `gc_table`
-- ----------------------------
DROP TABLE IF EXISTS `gc_table`;
CREATE TABLE `gc_table` (
  `id` int(11) NOT NULL AUTO_INCREMENT,
  `ccsc` varchar(255) NOT NULL,
  `ccsu` varchar(255) NOT NULL,
  `ec` varchar(255) NOT NULL,
  `eu` varchar(255) NOT NULL,
  `fgc` varchar(255) NOT NULL,
  `fgct` varchar(255) NOT NULL,
  `gct` varchar(255) NOT NULL,
  `mc` varchar(255) NOT NULL,
  `mu` varchar(255) NOT NULL,
  `oc` varchar(255) NOT NULL,
  `ou` varchar(255) NOT NULL,
  `s0c` varchar(255) NOT NULL,
  `s0u` varchar(255) NOT NULL,
  `s1c` varchar(255) NOT NULL,
  `s1u` varchar(255) NOT NULL,
  `ygc` varchar(255) NOT NULL,
  `ygct` varchar(255) NOT NULL,
  `date` varchar(255) NOT NULL,
  `name` varchar(255) NOT NULL,
  PRIMARY KEY (`id`)
) ENGINE=MyISAM AUTO_INCREMENT=1434 DEFAULT CHARSET=utf8;

-- ----------------------------
-- Records of gc_table
-- ----------------------------
INSERT INTO `gc_table` VALUES ('1402', '6', '6', '255', '93', '2', '0.091', '0.238', '50', '48', '83', '20', '16', '16', '18', '0', '10', '0.147', '01/04 17:04:03', 'boot-monitor');
INSERT INTO `gc_table` VALUES ('1403', '7', '7', '258', '103', '3', '0.215', '0.382', '58', '55', '121', '38', '20', '0', '18', '0', '11', '0.167', '01/04 17:05:00', 'boot-monitor');
INSERT INTO `gc_table` VALUES ('1404', '7', '7', '258', '177', '3', '0.215', '0.382', '58', '55', '121', '38', '20', '0', '18', '0', '11', '0.167', '01/04 17:06:00', 'boot-monitor');
INSERT INTO `gc_table` VALUES ('1405', '7', '7', '186', '5', '2', '0.089', '0.253', '56', '54', '114', '31', '21', '0', '16', '15', '9', '0.164', '01/07 12:14:00', 'boot-monitor');
INSERT INTO `gc_table` VALUES ('1406', '7', '7', '306', '68', '3', '0.239', '0.440', '58', '55', '99', '34', '22', '0', '22', '0', '11', '0.201', '01/07 12:38:00', 'boot-monitor');
INSERT INTO `gc_table` VALUES ('1407', '7', '7', '415', '28', '2', '0.098', '0.235', '57', '55', '73', '27', '18', '18', '24', '0', '8', '0.137', '01/07 13:29:01', 'boot-monitor');
INSERT INTO `gc_table` VALUES ('1408', '7', '7', '416', '74', '3', '0.265', '0.417', '58', '55', '92', '32', '25', '0', '24', '0', '9', '0.152', '01/07 13:30:00', 'boot-monitor');
INSERT INTO `gc_table` VALUES ('1409', '7', '7', '192', '29', '2', '0.101', '0.245', '57', '55', '108', '29', '20', '0', '15', '14', '9', '0.144', '01/07 13:33:00', 'boot-monitor');
INSERT INTO `gc_table` VALUES ('1410', '7', '7', '227', '0', '3', '0.094', '0.289', '58', '55', '110', '29', '15', '15', '21', '0', '10', '0.194', '01/07 13:37:00', 'boot-monitor');
INSERT INTO `gc_table` VALUES ('1411', '7', '7', '227', '58', '3', '0.320', '0.515', '58', '55', '149', '33', '15', '0', '21', '0', '10', '0.194', '01/07 13:38:00', 'boot-monitor');
INSERT INTO `gc_table` VALUES ('1412', '7', '7', '332', '82', '2', '0.133', '0.414', '54', '52', '88', '26', '17', '17', '22', '0', '8', '0.281', '01/07 13:52:00', 'boot-monitor');
INSERT INTO `gc_table` VALUES ('1413', '6', '6', '243', '70', '2', '0.098', '0.239', '49', '46', '76', '18', '15', '14', '16', '0', '10', '0.141', '01/07 13:54:00', 'boot-monitor');
INSERT INTO `gc_table` VALUES ('1414', '6', '6', '243', '128', '2', '0.098', '0.239', '49', '46', '76', '18', '15', '14', '16', '0', '10', '0.141', '01/07 13:55:00', 'boot-monitor');
INSERT INTO `gc_table` VALUES ('1415', '6', '6', '243', '223', '2', '0.098', '0.239', '49', '46', '76', '18', '15', '14', '16', '0', '10', '0.141', '01/07 13:56:00', 'boot-monitor');
INSERT INTO `gc_table` VALUES ('1416', '7', '7', '246', '59', '3', '0.279', '0.445', '58', '55', '111', '38', '16', '0', '16', '0', '11', '0.166', '01/07 13:57:00', 'boot-monitor');
INSERT INTO `gc_table` VALUES ('1417', '7', '7', '246', '96', '3', '0.279', '0.445', '58', '55', '111', '38', '16', '0', '16', '0', '11', '0.166', '01/07 13:58:00', 'boot-monitor');
INSERT INTO `gc_table` VALUES ('1418', '7', '7', '246', '133', '3', '0.279', '0.445', '58', '55', '111', '38', '16', '0', '16', '0', '11', '0.166', '01/07 13:59:00', 'boot-monitor');
INSERT INTO `gc_table` VALUES ('1419', '7', '7', '246', '168', '3', '0.279', '0.445', '58', '55', '111', '38', '16', '0', '16', '0', '11', '0.166', '01/07 14:00:00', 'boot-monitor');
INSERT INTO `gc_table` VALUES ('1420', '7', '7', '246', '244', '3', '0.279', '0.445', '58', '55', '111', '38', '16', '0', '16', '0', '11', '0.166', '01/07 14:01:00', 'boot-monitor');
INSERT INTO `gc_table` VALUES ('1421', '7', '7', '253', '10', '3', '0.287', '0.459', '58', '56', '127', '33', '12', '0', '21', '0', '12', '0.172', '01/07 14:04:00', 'boot-monitor');
INSERT INTO `gc_table` VALUES ('1422', '7', '7', '208', '46', '3', '0.230', '0.333', '58', '55', '165', '39', '18', '0', '21', '0', '10', '0.103', '01/07 14:08:00', 'boot-monitor');
INSERT INTO `gc_table` VALUES ('1423', '7', '7', '208', '97', '3', '0.230', '0.333', '58', '55', '165', '39', '18', '0', '21', '0', '10', '0.103', '01/07 14:09:00', 'boot-monitor');
INSERT INTO `gc_table` VALUES ('1424', '7', '7', '203', '53', '3', '0.238', '0.365', '58', '55', '149', '39', '21', '0', '15', '0', '9', '0.127', '01/07 14:11:00', 'boot-monitor');
INSERT INTO `gc_table` VALUES ('1425', '7', '7', '203', '106', '3', '0.238', '0.365', '58', '55', '149', '39', '21', '0', '15', '0', '9', '0.127', '01/07 14:12:00', 'boot-monitor');
INSERT INTO `gc_table` VALUES ('1426', '7', '7', '238', '77', '3', '0.243', '0.407', '58', '55', '128', '32', '20', '0', '20', '0', '10', '0.165', '01/07 14:14:00', 'boot-monitor');
INSERT INTO `gc_table` VALUES ('1427', '7', '7', '212', '65', '3', '0.230', '0.343', '58', '55', '146', '39', '21', '0', '15', '0', '9', '0.114', '01/07 14:24:00', 'boot-monitor');
INSERT INTO `gc_table` VALUES ('1428', '7', '7', '212', '130', '3', '0.230', '0.343', '58', '55', '146', '39', '21', '0', '15', '0', '9', '0.114', '01/07 14:25:00', 'boot-monitor');
INSERT INTO `gc_table` VALUES ('1429', '6', '6', '207', '179', '2', '0.089', '0.209', '48', '46', '86', '18', '14', '14', '16', '0', '10', '0.120', '01/07 14:31:00', 'boot-monitor');
INSERT INTO `gc_table` VALUES ('1430', '7', '7', '207', '49', '3', '0.289', '0.434', '58', '55', '129', '39', '21', '0', '16', '0', '11', '0.145', '01/07 14:32:00', 'boot-monitor');
INSERT INTO `gc_table` VALUES ('1431', '7', '7', '207', '86', '3', '0.289', '0.434', '58', '55', '129', '39', '21', '0', '16', '0', '11', '0.145', '01/07 14:33:00', 'boot-monitor');
INSERT INTO `gc_table` VALUES ('1432', '7', '7', '183', '68', '3', '0.239', '0.337', '58', '55', '167', '35', '18', '0', '20', '0', '10', '0.098', '01/07 14:43:00', 'boot-monitor');
INSERT INTO `gc_table` VALUES ('1433', '7', '7', '183', '126', '3', '0.239', '0.337', '58', '55', '167', '35', '18', '0', '20', '0', '10', '0.098', '01/07 14:44:00', 'boot-monitor');

-- ----------------------------
-- Table structure for `qrtz_blob_triggers`
-- ----------------------------
DROP TABLE IF EXISTS `qrtz_blob_triggers`;
CREATE TABLE `qrtz_blob_triggers` (
  `SCHED_NAME` varchar(120) NOT NULL,
  `TRIGGER_NAME` varchar(200) NOT NULL,
  `TRIGGER_GROUP` varchar(200) NOT NULL,
  `BLOB_DATA` blob,
  PRIMARY KEY (`SCHED_NAME`,`TRIGGER_NAME`,`TRIGGER_GROUP`),
  KEY `SCHED_NAME` (`SCHED_NAME`,`TRIGGER_NAME`,`TRIGGER_GROUP`),
  CONSTRAINT `qrtz_blob_triggers_ibfk_1` FOREIGN KEY (`SCHED_NAME`, `TRIGGER_NAME`, `TRIGGER_GROUP`) REFERENCES `qrtz_triggers` (`SCHED_NAME`, `TRIGGER_NAME`, `TRIGGER_GROUP`)
) ENGINE=InnoDB DEFAULT CHARSET=utf8;

-- ----------------------------
-- Records of qrtz_blob_triggers
-- ----------------------------

-- ----------------------------
-- Table structure for `qrtz_calendars`
-- ----------------------------
DROP TABLE IF EXISTS `qrtz_calendars`;
CREATE TABLE `qrtz_calendars` (
  `SCHED_NAME` varchar(120) NOT NULL,
  `CALENDAR_NAME` varchar(200) NOT NULL,
  `CALENDAR` blob NOT NULL,
  PRIMARY KEY (`SCHED_NAME`,`CALENDAR_NAME`)
) ENGINE=InnoDB DEFAULT CHARSET=utf8;

-- ----------------------------
-- Records of qrtz_calendars
-- ----------------------------

-- ----------------------------
-- Table structure for `qrtz_cron_triggers`
-- ----------------------------
DROP TABLE IF EXISTS `qrtz_cron_triggers`;
CREATE TABLE `qrtz_cron_triggers` (
  `SCHED_NAME` varchar(120) NOT NULL,
  `TRIGGER_NAME` varchar(200) NOT NULL,
  `TRIGGER_GROUP` varchar(200) NOT NULL,
  `CRON_EXPRESSION` varchar(120) NOT NULL,
  `TIME_ZONE_ID` varchar(80) DEFAULT NULL,
  PRIMARY KEY (`SCHED_NAME`,`TRIGGER_NAME`,`TRIGGER_GROUP`),
  CONSTRAINT `qrtz_cron_triggers_ibfk_1` FOREIGN KEY (`SCHED_NAME`, `TRIGGER_NAME`, `TRIGGER_GROUP`) REFERENCES `qrtz_triggers` (`SCHED_NAME`, `TRIGGER_NAME`, `TRIGGER_GROUP`)
) ENGINE=InnoDB DEFAULT CHARSET=utf8;

-- ----------------------------
-- Records of qrtz_cron_triggers
-- ----------------------------
INSERT INTO `qrtz_cron_triggers` VALUES ('MonitorScheduler', 'TASK_1', 'DEFAULT', '0 0/30 * * * ?', 'Asia/Shanghai');
INSERT INTO `qrtz_cron_triggers` VALUES ('MonitorScheduler', 'TASK_2', 'DEFAULT', '0 0/30 * * * ?', 'Asia/Shanghai');
INSERT INTO `qrtz_cron_triggers` VALUES ('MonitorScheduler', 'TASK_4', 'DEFAULT', '0 0/1 * * * ?', 'Asia/Shanghai');
INSERT INTO `qrtz_cron_triggers` VALUES ('MonitorScheduler', 'TASK_5', 'DEFAULT', '0 0/1 * * * ?', 'Asia/Shanghai');
INSERT INTO `qrtz_cron_triggers` VALUES ('MonitorScheduler', 'TASK_6', 'DEFAULT', '0 0/1 * * * ?', 'Asia/Shanghai');
INSERT INTO `qrtz_cron_triggers` VALUES ('MonitorScheduler', 'TASK_7', 'DEFAULT', '0 0 0 * * ?', 'Asia/Shanghai');

-- ----------------------------
-- Table structure for `qrtz_fired_triggers`
-- ----------------------------
DROP TABLE IF EXISTS `qrtz_fired_triggers`;
CREATE TABLE `qrtz_fired_triggers` (
  `SCHED_NAME` varchar(120) NOT NULL,
  `ENTRY_ID` varchar(95) NOT NULL,
  `TRIGGER_NAME` varchar(200) NOT NULL,
  `TRIGGER_GROUP` varchar(200) NOT NULL,
  `INSTANCE_NAME` varchar(200) NOT NULL,
  `FIRED_TIME` bigint(13) NOT NULL,
  `SCHED_TIME` bigint(13) NOT NULL,
  `PRIORITY` int(11) NOT NULL,
  `STATE` varchar(16) NOT NULL,
  `JOB_NAME` varchar(200) DEFAULT NULL,
  `JOB_GROUP` varchar(200) DEFAULT NULL,
  `IS_NONCONCURRENT` varchar(1) DEFAULT NULL,
  `REQUESTS_RECOVERY` varchar(1) DEFAULT NULL,
  PRIMARY KEY (`SCHED_NAME`,`ENTRY_ID`),
  KEY `IDX_QRTZ_FT_TRIG_INST_NAME` (`SCHED_NAME`,`INSTANCE_NAME`),
  KEY `IDX_QRTZ_FT_INST_JOB_REQ_RCVRY` (`SCHED_NAME`,`INSTANCE_NAME`,`REQUESTS_RECOVERY`),
  KEY `IDX_QRTZ_FT_J_G` (`SCHED_NAME`,`JOB_NAME`,`JOB_GROUP`),
  KEY `IDX_QRTZ_FT_JG` (`SCHED_NAME`,`JOB_GROUP`),
  KEY `IDX_QRTZ_FT_T_G` (`SCHED_NAME`,`TRIGGER_NAME`,`TRIGGER_GROUP`),
  KEY `IDX_QRTZ_FT_TG` (`SCHED_NAME`,`TRIGGER_GROUP`)
) ENGINE=InnoDB DEFAULT CHARSET=utf8;

-- ----------------------------
-- Records of qrtz_fired_triggers
-- ----------------------------

-- ----------------------------
-- Table structure for `qrtz_job_details`
-- ----------------------------
DROP TABLE IF EXISTS `qrtz_job_details`;
CREATE TABLE `qrtz_job_details` (
  `SCHED_NAME` varchar(120) NOT NULL,
  `JOB_NAME` varchar(200) NOT NULL,
  `JOB_GROUP` varchar(200) NOT NULL,
  `DESCRIPTION` varchar(250) DEFAULT NULL,
  `JOB_CLASS_NAME` varchar(250) NOT NULL,
  `IS_DURABLE` varchar(1) NOT NULL,
  `IS_NONCONCURRENT` varchar(1) NOT NULL,
  `IS_UPDATE_DATA` varchar(1) NOT NULL,
  `REQUESTS_RECOVERY` varchar(1) NOT NULL,
  `JOB_DATA` blob,
  PRIMARY KEY (`SCHED_NAME`,`JOB_NAME`,`JOB_GROUP`),
  KEY `IDX_QRTZ_J_REQ_RECOVERY` (`SCHED_NAME`,`REQUESTS_RECOVERY`),
  KEY `IDX_QRTZ_J_GRP` (`SCHED_NAME`,`JOB_GROUP`)
) ENGINE=InnoDB DEFAULT CHARSET=utf8;

-- ----------------------------
-- Records of qrtz_job_details
-- ----------------------------
INSERT INTO `qrtz_job_details` VALUES ('MonitorScheduler', 'TASK_1', 'DEFAULT', null, 'com.pflm.modules.job.utils.ScheduleJob', '0', '0', '0', '0', 0xACED0005737200156F72672E71756172747A2E4A6F62446174614D61709FB083E8BFA9B0CB020000787200266F72672E71756172747A2E7574696C732E537472696E674B65794469727479466C61674D61708208E8C3FBC55D280200015A0013616C6C6F77735472616E7369656E74446174617872001D6F72672E71756172747A2E7574696C732E4469727479466C61674D617013E62EAD28760ACE0200025A000564697274794C00036D617074000F4C6A6176612F7574696C2F4D61703B787001737200116A6176612E7574696C2E486173684D61700507DAC1C31660D103000246000A6C6F6164466163746F724900097468726573686F6C6478703F4000000000000C7708000000100000000174000D4A4F425F504152414D5F4B45597400B67B226A6F624964223A312C226265616E4E616D65223A22746573745461736B222C226D6574686F644E616D65223A2274657374222C22706172616D73223A2272656E72656E222C2263726F6E45787072657373696F6E223A223020302F3330202A202A202A203F222C22737461747573223A312C2272656D61726B223A22E69C89E58F82E695B0E6B58BE8AF95222C2263726561746554696D65223A2244656320312C20323031362031313A31363A343620504D227D7800);
INSERT INTO `qrtz_job_details` VALUES ('MonitorScheduler', 'TASK_2', 'DEFAULT', null, 'com.pflm.modules.job.utils.ScheduleJob', '0', '0', '0', '0', 0xACED0005737200156F72672E71756172747A2E4A6F62446174614D61709FB083E8BFA9B0CB020000787200266F72672E71756172747A2E7574696C732E537472696E674B65794469727479466C61674D61708208E8C3FBC55D280200015A0013616C6C6F77735472616E7369656E74446174617872001D6F72672E71756172747A2E7574696C732E4469727479466C61674D617013E62EAD28760ACE0200025A000564697274794C00036D617074000F4C6A6176612F7574696C2F4D61703B787001737200116A6176612E7574696C2E486173684D61700507DAC1C31660D103000246000A6C6F6164466163746F724900097468726573686F6C6478703F4000000000000C7708000000100000000174000D4A4F425F504152414D5F4B45597400A47B226A6F624964223A322C226265616E4E616D65223A22746573745461736B222C226D6574686F644E616D65223A227465737432222C2263726F6E45787072657373696F6E223A223020302F3330202A202A202A203F222C22737461747573223A312C2272656D61726B223A22E697A0E58F82E695B0E6B58BE8AF95222C2263726561746554696D65223A2244656320332C203230313620323A35353A353620504D227D7800);
INSERT INTO `qrtz_job_details` VALUES ('MonitorScheduler', 'TASK_4', 'DEFAULT', null, 'com.pflm.modules.job.utils.ScheduleJob', '0', '0', '0', '0', 0xACED0005737200156F72672E71756172747A2E4A6F62446174614D61709FB083E8BFA9B0CB020000787200266F72672E71756172747A2E7574696C732E537472696E674B65794469727479466C61674D61708208E8C3FBC55D280200015A0013616C6C6F77735472616E7369656E74446174617872001D6F72672E71756172747A2E7574696C732E4469727479466C61674D617013E62EAD28760ACE0200025A000564697274794C00036D617074000F4C6A6176612F7574696C2F4D61703B787001737200116A6176612E7574696C2E486173684D61700507DAC1C31660D103000246000A6C6F6164466163746F724900097468726573686F6C6478703F4000000000000C7708000000100000000174000D4A4F425F504152414D5F4B45597400B47B226A6F624964223A342C226265616E4E616D65223A226D6F6E6974696F725461736B222C226D6574686F644E616D65223A2270756C6C4763222C2263726F6E45787072657373696F6E223A223020302F31202A202A202A203F222C22737461747573223A302C2272656D61726B223A224743E5928CE58685E5AD98E694B6E4BFA1E681AFE694B6E99B86222C2263726561746554696D65223A224465632031342C203230313820333A33393A353420504D227D7800);
INSERT INTO `qrtz_job_details` VALUES ('MonitorScheduler', 'TASK_5', 'DEFAULT', null, 'com.pflm.modules.job.utils.ScheduleJob', '0', '0', '0', '0', 0xACED0005737200156F72672E71756172747A2E4A6F62446174614D61709FB083E8BFA9B0CB020000787200266F72672E71756172747A2E7574696C732E537472696E674B65794469727479466C61674D61708208E8C3FBC55D280200015A0013616C6C6F77735472616E7369656E74446174617872001D6F72672E71756172747A2E7574696C732E4469727479466C61674D617013E62EAD28760ACE0200025A000564697274794C00036D617074000F4C6A6176612F7574696C2F4D61703B787001737200116A6176612E7574696C2E486173684D61700507DAC1C31660D103000246000A6C6F6164466163746F724900097468726573686F6C6478703F4000000000000C7708000000100000000174000D4A4F425F504152414D5F4B45597400B07B226A6F624964223A352C226265616E4E616D65223A226D6F6E6974696F725461736B222C226D6574686F644E616D65223A2270756C6C546872656164222C2263726F6E45787072657373696F6E223A223020302F31202A202A202A203F222C22737461747573223A302C2272656D61726B223A22E7BABFE7A88BE4BFA1E681AFE694B6E99B86222C2263726561746554696D65223A224465632031342C203230313820333A34303A333420504D227D7800);
INSERT INTO `qrtz_job_details` VALUES ('MonitorScheduler', 'TASK_6', 'DEFAULT', null, 'com.pflm.modules.job.utils.ScheduleJob', '0', '0', '0', '0', 0xACED0005737200156F72672E71756172747A2E4A6F62446174614D61709FB083E8BFA9B0CB020000787200266F72672E71756172747A2E7574696C732E537472696E674B65794469727479466C61674D61708208E8C3FBC55D280200015A0013616C6C6F77735472616E7369656E74446174617872001D6F72672E71756172747A2E7574696C732E4469727479466C61674D617013E62EAD28760ACE0200025A000564697274794C00036D617074000F4C6A6176612F7574696C2F4D61703B787001737200116A6176612E7574696C2E486173684D61700507DAC1C31660D103000246000A6C6F6164466163746F724900097468726573686F6C6478703F4000000000000C7708000000100000000174000D4A4F425F504152414D5F4B45597400B67B226A6F624964223A362C226265616E4E616D65223A226D6F6E6974696F725461736B222C226D6574686F644E616D65223A2270756C6C436C6173736C6F6164222C2263726F6E45787072657373696F6E223A223020302F31202A202A202A203F222C22737461747573223A302C2272656D61726B223A22E7B1BBE58AA0E8BDBDE4BFA1E681AFE694B6E99B86222C2263726561746554696D65223A224465632031342C203230313820333A34313A313520504D227D7800);
INSERT INTO `qrtz_job_details` VALUES ('MonitorScheduler', 'TASK_7', 'DEFAULT', null, 'com.pflm.modules.job.utils.ScheduleJob', '0', '0', '0', '0', 0xACED0005737200156F72672E71756172747A2E4A6F62446174614D61709FB083E8BFA9B0CB020000787200266F72672E71756172747A2E7574696C732E537472696E674B65794469727479466C61674D61708208E8C3FBC55D280200015A0013616C6C6F77735472616E7369656E74446174617872001D6F72672E71756172747A2E7574696C732E4469727479466C61674D617013E62EAD28760ACE0200025A000564697274794C00036D617074000F4C6A6176612F7574696C2F4D61703B787001737200116A6176612E7574696C2E486173684D61700507DAC1C31660D103000246000A6C6F6164466163746F724900097468726573686F6C6478703F4000000000000C7708000000100000000174000D4A4F425F504152414D5F4B45597400BE7B226A6F624964223A372C226265616E4E616D65223A226D6F6E6974696F725461736B222C226D6574686F644E616D65223A22636C656172416C6C222C2263726F6E45787072657373696F6E223A223020302030202A202A203F222C22737461747573223A302C2272656D61726B223A22E6AF8FE697A5E5878CE699A8E6B885E7A9BA4A564DE694B6E99B86E79A84E4BFA1E681AF222C2263726561746554696D65223A224465632031342C203230313820333A34313A353620504D227D7800);

-- ----------------------------
-- Table structure for `qrtz_locks`
-- ----------------------------
DROP TABLE IF EXISTS `qrtz_locks`;
CREATE TABLE `qrtz_locks` (
  `SCHED_NAME` varchar(120) NOT NULL,
  `LOCK_NAME` varchar(40) NOT NULL,
  PRIMARY KEY (`SCHED_NAME`,`LOCK_NAME`)
) ENGINE=InnoDB DEFAULT CHARSET=utf8;

-- ----------------------------
-- Records of qrtz_locks
-- ----------------------------
INSERT INTO `qrtz_locks` VALUES ('MonitorScheduler', 'STATE_ACCESS');
INSERT INTO `qrtz_locks` VALUES ('MonitorScheduler', 'TRIGGER_ACCESS');

-- ----------------------------
-- Table structure for `qrtz_paused_trigger_grps`
-- ----------------------------
DROP TABLE IF EXISTS `qrtz_paused_trigger_grps`;
CREATE TABLE `qrtz_paused_trigger_grps` (
  `SCHED_NAME` varchar(120) NOT NULL,
  `TRIGGER_GROUP` varchar(200) NOT NULL,
  PRIMARY KEY (`SCHED_NAME`,`TRIGGER_GROUP`)
) ENGINE=InnoDB DEFAULT CHARSET=utf8;

-- ----------------------------
-- Records of qrtz_paused_trigger_grps
-- ----------------------------

-- ----------------------------
-- Table structure for `qrtz_scheduler_state`
-- ----------------------------
DROP TABLE IF EXISTS `qrtz_scheduler_state`;
CREATE TABLE `qrtz_scheduler_state` (
  `SCHED_NAME` varchar(120) NOT NULL,
  `INSTANCE_NAME` varchar(200) NOT NULL,
  `LAST_CHECKIN_TIME` bigint(13) NOT NULL,
  `CHECKIN_INTERVAL` bigint(13) NOT NULL,
  PRIMARY KEY (`SCHED_NAME`,`INSTANCE_NAME`)
) ENGINE=InnoDB DEFAULT CHARSET=utf8;

-- ----------------------------
-- Records of qrtz_scheduler_state
-- ----------------------------
INSERT INTO `qrtz_scheduler_state` VALUES ('MonitorScheduler', 'admin-PC1546843318068', '1546843454998', '15000');

-- ----------------------------
-- Table structure for `qrtz_simple_triggers`
-- ----------------------------
DROP TABLE IF EXISTS `qrtz_simple_triggers`;
CREATE TABLE `qrtz_simple_triggers` (
  `SCHED_NAME` varchar(120) NOT NULL,
  `TRIGGER_NAME` varchar(200) NOT NULL,
  `TRIGGER_GROUP` varchar(200) NOT NULL,
  `REPEAT_COUNT` bigint(7) NOT NULL,
  `REPEAT_INTERVAL` bigint(12) NOT NULL,
  `TIMES_TRIGGERED` bigint(10) NOT NULL,
  PRIMARY KEY (`SCHED_NAME`,`TRIGGER_NAME`,`TRIGGER_GROUP`),
  CONSTRAINT `qrtz_simple_triggers_ibfk_1` FOREIGN KEY (`SCHED_NAME`, `TRIGGER_NAME`, `TRIGGER_GROUP`) REFERENCES `qrtz_triggers` (`SCHED_NAME`, `TRIGGER_NAME`, `TRIGGER_GROUP`)
) ENGINE=InnoDB DEFAULT CHARSET=utf8;

-- ----------------------------
-- Records of qrtz_simple_triggers
-- ----------------------------

-- ----------------------------
-- Table structure for `qrtz_simprop_triggers`
-- ----------------------------
DROP TABLE IF EXISTS `qrtz_simprop_triggers`;
CREATE TABLE `qrtz_simprop_triggers` (
  `SCHED_NAME` varchar(120) NOT NULL,
  `TRIGGER_NAME` varchar(200) NOT NULL,
  `TRIGGER_GROUP` varchar(200) NOT NULL,
  `STR_PROP_1` varchar(512) DEFAULT NULL,
  `STR_PROP_2` varchar(512) DEFAULT NULL,
  `STR_PROP_3` varchar(512) DEFAULT NULL,
  `INT_PROP_1` int(11) DEFAULT NULL,
  `INT_PROP_2` int(11) DEFAULT NULL,
  `LONG_PROP_1` bigint(20) DEFAULT NULL,
  `LONG_PROP_2` bigint(20) DEFAULT NULL,
  `DEC_PROP_1` decimal(13,4) DEFAULT NULL,
  `DEC_PROP_2` decimal(13,4) DEFAULT NULL,
  `BOOL_PROP_1` varchar(1) DEFAULT NULL,
  `BOOL_PROP_2` varchar(1) DEFAULT NULL,
  PRIMARY KEY (`SCHED_NAME`,`TRIGGER_NAME`,`TRIGGER_GROUP`),
  CONSTRAINT `qrtz_simprop_triggers_ibfk_1` FOREIGN KEY (`SCHED_NAME`, `TRIGGER_NAME`, `TRIGGER_GROUP`) REFERENCES `qrtz_triggers` (`SCHED_NAME`, `TRIGGER_NAME`, `TRIGGER_GROUP`)
) ENGINE=InnoDB DEFAULT CHARSET=utf8;

-- ----------------------------
-- Records of qrtz_simprop_triggers
-- ----------------------------

-- ----------------------------
-- Table structure for `qrtz_triggers`
-- ----------------------------
DROP TABLE IF EXISTS `qrtz_triggers`;
CREATE TABLE `qrtz_triggers` (
  `SCHED_NAME` varchar(120) NOT NULL,
  `TRIGGER_NAME` varchar(200) NOT NULL,
  `TRIGGER_GROUP` varchar(200) NOT NULL,
  `JOB_NAME` varchar(200) NOT NULL,
  `JOB_GROUP` varchar(200) NOT NULL,
  `DESCRIPTION` varchar(250) DEFAULT NULL,
  `NEXT_FIRE_TIME` bigint(13) DEFAULT NULL,
  `PREV_FIRE_TIME` bigint(13) DEFAULT NULL,
  `PRIORITY` int(11) DEFAULT NULL,
  `TRIGGER_STATE` varchar(16) NOT NULL,
  `TRIGGER_TYPE` varchar(8) NOT NULL,
  `START_TIME` bigint(13) NOT NULL,
  `END_TIME` bigint(13) DEFAULT NULL,
  `CALENDAR_NAME` varchar(200) DEFAULT NULL,
  `MISFIRE_INSTR` smallint(2) DEFAULT NULL,
  `JOB_DATA` blob,
  PRIMARY KEY (`SCHED_NAME`,`TRIGGER_NAME`,`TRIGGER_GROUP`),
  KEY `IDX_QRTZ_T_J` (`SCHED_NAME`,`JOB_NAME`,`JOB_GROUP`),
  KEY `IDX_QRTZ_T_JG` (`SCHED_NAME`,`JOB_GROUP`),
  KEY `IDX_QRTZ_T_C` (`SCHED_NAME`,`CALENDAR_NAME`),
  KEY `IDX_QRTZ_T_G` (`SCHED_NAME`,`TRIGGER_GROUP`),
  KEY `IDX_QRTZ_T_STATE` (`SCHED_NAME`,`TRIGGER_STATE`),
  KEY `IDX_QRTZ_T_N_STATE` (`SCHED_NAME`,`TRIGGER_NAME`,`TRIGGER_GROUP`,`TRIGGER_STATE`),
  KEY `IDX_QRTZ_T_N_G_STATE` (`SCHED_NAME`,`TRIGGER_GROUP`,`TRIGGER_STATE`),
  KEY `IDX_QRTZ_T_NEXT_FIRE_TIME` (`SCHED_NAME`,`NEXT_FIRE_TIME`),
  KEY `IDX_QRTZ_T_NFT_ST` (`SCHED_NAME`,`TRIGGER_STATE`,`NEXT_FIRE_TIME`),
  KEY `IDX_QRTZ_T_NFT_MISFIRE` (`SCHED_NAME`,`MISFIRE_INSTR`,`NEXT_FIRE_TIME`),
  KEY `IDX_QRTZ_T_NFT_ST_MISFIRE` (`SCHED_NAME`,`MISFIRE_INSTR`,`NEXT_FIRE_TIME`,`TRIGGER_STATE`),
  KEY `IDX_QRTZ_T_NFT_ST_MISFIRE_GRP` (`SCHED_NAME`,`MISFIRE_INSTR`,`NEXT_FIRE_TIME`,`TRIGGER_GROUP`,`TRIGGER_STATE`),
  CONSTRAINT `qrtz_triggers_ibfk_1` FOREIGN KEY (`SCHED_NAME`, `JOB_NAME`, `JOB_GROUP`) REFERENCES `qrtz_job_details` (`SCHED_NAME`, `JOB_NAME`, `JOB_GROUP`)
) ENGINE=InnoDB DEFAULT CHARSET=utf8;

-- ----------------------------
-- Records of qrtz_triggers
-- ----------------------------
INSERT INTO `qrtz_triggers` VALUES ('MonitorScheduler', 'TASK_1', 'DEFAULT', 'TASK_1', 'DEFAULT', null, '1545199200000', '-1', '5', 'PAUSED', 'CRON', '1545197513000', '0', null, '2', 0xACED0005737200156F72672E71756172747A2E4A6F62446174614D61709FB083E8BFA9B0CB020000787200266F72672E71756172747A2E7574696C732E537472696E674B65794469727479466C61674D61708208E8C3FBC55D280200015A0013616C6C6F77735472616E7369656E74446174617872001D6F72672E71756172747A2E7574696C732E4469727479466C61674D617013E62EAD28760ACE0200025A000564697274794C00036D617074000F4C6A6176612F7574696C2F4D61703B787001737200116A6176612E7574696C2E486173684D61700507DAC1C31660D103000246000A6C6F6164466163746F724900097468726573686F6C6478703F4000000000000C7708000000100000000174000D4A4F425F504152414D5F4B45597400B67B226A6F624964223A312C226265616E4E616D65223A22746573745461736B222C226D6574686F644E616D65223A2274657374222C22706172616D73223A2272656E72656E222C2263726F6E45787072657373696F6E223A223020302F3330202A202A202A203F222C22737461747573223A312C2272656D61726B223A22E69C89E58F82E695B0E6B58BE8AF95222C2263726561746554696D65223A2244656320312C20323031362031313A31363A343620504D227D7800);
INSERT INTO `qrtz_triggers` VALUES ('MonitorScheduler', 'TASK_2', 'DEFAULT', 'TASK_2', 'DEFAULT', null, '1545199200000', '-1', '5', 'PAUSED', 'CRON', '1545197513000', '0', null, '2', 0xACED0005737200156F72672E71756172747A2E4A6F62446174614D61709FB083E8BFA9B0CB020000787200266F72672E71756172747A2E7574696C732E537472696E674B65794469727479466C61674D61708208E8C3FBC55D280200015A0013616C6C6F77735472616E7369656E74446174617872001D6F72672E71756172747A2E7574696C732E4469727479466C61674D617013E62EAD28760ACE0200025A000564697274794C00036D617074000F4C6A6176612F7574696C2F4D61703B787001737200116A6176612E7574696C2E486173684D61700507DAC1C31660D103000246000A6C6F6164466163746F724900097468726573686F6C6478703F4000000000000C7708000000100000000174000D4A4F425F504152414D5F4B45597400A47B226A6F624964223A322C226265616E4E616D65223A22746573745461736B222C226D6574686F644E616D65223A227465737432222C2263726F6E45787072657373696F6E223A223020302F3330202A202A202A203F222C22737461747573223A312C2272656D61726B223A22E697A0E58F82E695B0E6B58BE8AF95222C2263726561746554696D65223A2244656320332C203230313620323A35353A353620504D227D7800);
INSERT INTO `qrtz_triggers` VALUES ('MonitorScheduler', 'TASK_4', 'DEFAULT', 'TASK_4', 'DEFAULT', null, '1545197520000', '-1', '5', 'WAITING', 'CRON', '1545197513000', '0', null, '2', 0xACED0005737200156F72672E71756172747A2E4A6F62446174614D61709FB083E8BFA9B0CB020000787200266F72672E71756172747A2E7574696C732E537472696E674B65794469727479466C61674D61708208E8C3FBC55D280200015A0013616C6C6F77735472616E7369656E74446174617872001D6F72672E71756172747A2E7574696C732E4469727479466C61674D617013E62EAD28760ACE0200025A000564697274794C00036D617074000F4C6A6176612F7574696C2F4D61703B787001737200116A6176612E7574696C2E486173684D61700507DAC1C31660D103000246000A6C6F6164466163746F724900097468726573686F6C6478703F4000000000000C7708000000100000000174000D4A4F425F504152414D5F4B45597400B47B226A6F624964223A342C226265616E4E616D65223A226D6F6E6974696F725461736B222C226D6574686F644E616D65223A2270756C6C4763222C2263726F6E45787072657373696F6E223A223020302F31202A202A202A203F222C22737461747573223A302C2272656D61726B223A224743E5928CE58685E5AD98E694B6E4BFA1E681AFE694B6E99B86222C2263726561746554696D65223A224465632031342C203230313820333A33393A353420504D227D7800);
INSERT INTO `qrtz_triggers` VALUES ('MonitorScheduler', 'TASK_5', 'DEFAULT', 'TASK_5', 'DEFAULT', null, '1545197520000', '-1', '5', 'WAITING', 'CRON', '1545197513000', '0', null, '2', 0xACED0005737200156F72672E71756172747A2E4A6F62446174614D61709FB083E8BFA9B0CB020000787200266F72672E71756172747A2E7574696C732E537472696E674B65794469727479466C61674D61708208E8C3FBC55D280200015A0013616C6C6F77735472616E7369656E74446174617872001D6F72672E71756172747A2E7574696C732E4469727479466C61674D617013E62EAD28760ACE0200025A000564697274794C00036D617074000F4C6A6176612F7574696C2F4D61703B787001737200116A6176612E7574696C2E486173684D61700507DAC1C31660D103000246000A6C6F6164466163746F724900097468726573686F6C6478703F4000000000000C7708000000100000000174000D4A4F425F504152414D5F4B45597400B07B226A6F624964223A352C226265616E4E616D65223A226D6F6E6974696F725461736B222C226D6574686F644E616D65223A2270756C6C546872656164222C2263726F6E45787072657373696F6E223A223020302F31202A202A202A203F222C22737461747573223A302C2272656D61726B223A22E7BABFE7A88BE4BFA1E681AFE694B6E99B86222C2263726561746554696D65223A224465632031342C203230313820333A34303A333420504D227D7800);
INSERT INTO `qrtz_triggers` VALUES ('MonitorScheduler', 'TASK_6', 'DEFAULT', 'TASK_6', 'DEFAULT', null, '1545197520000', '-1', '5', 'WAITING', 'CRON', '1545197513000', '0', null, '2', 0xACED0005737200156F72672E71756172747A2E4A6F62446174614D61709FB083E8BFA9B0CB020000787200266F72672E71756172747A2E7574696C732E537472696E674B65794469727479466C61674D61708208E8C3FBC55D280200015A0013616C6C6F77735472616E7369656E74446174617872001D6F72672E71756172747A2E7574696C732E4469727479466C61674D617013E62EAD28760ACE0200025A000564697274794C00036D617074000F4C6A6176612F7574696C2F4D61703B787001737200116A6176612E7574696C2E486173684D61700507DAC1C31660D103000246000A6C6F6164466163746F724900097468726573686F6C6478703F4000000000000C7708000000100000000174000D4A4F425F504152414D5F4B45597400B67B226A6F624964223A362C226265616E4E616D65223A226D6F6E6974696F725461736B222C226D6574686F644E616D65223A2270756C6C436C6173736C6F6164222C2263726F6E45787072657373696F6E223A223020302F31202A202A202A203F222C22737461747573223A302C2272656D61726B223A22E7B1BBE58AA0E8BDBDE4BFA1E681AFE694B6E99B86222C2263726561746554696D65223A224465632031342C203230313820333A34313A313520504D227D7800);
INSERT INTO `qrtz_triggers` VALUES ('MonitorScheduler', 'TASK_7', 'DEFAULT', 'TASK_7', 'DEFAULT', null, '1545235200000', '-1', '5', 'WAITING', 'CRON', '1545197514000', '0', null, '2', 0xACED0005737200156F72672E71756172747A2E4A6F62446174614D61709FB083E8BFA9B0CB020000787200266F72672E71756172747A2E7574696C732E537472696E674B65794469727479466C61674D61708208E8C3FBC55D280200015A0013616C6C6F77735472616E7369656E74446174617872001D6F72672E71756172747A2E7574696C732E4469727479466C61674D617013E62EAD28760ACE0200025A000564697274794C00036D617074000F4C6A6176612F7574696C2F4D61703B787001737200116A6176612E7574696C2E486173684D61700507DAC1C31660D103000246000A6C6F6164466163746F724900097468726573686F6C6478703F4000000000000C7708000000100000000174000D4A4F425F504152414D5F4B45597400BE7B226A6F624964223A372C226265616E4E616D65223A226D6F6E6974696F725461736B222C226D6574686F644E616D65223A22636C656172416C6C222C2263726F6E45787072657373696F6E223A223020302030202A202A203F222C22737461747573223A302C2272656D61726B223A22E6AF8FE697A5E5878CE699A8E6B885E7A9BA4A564DE694B6E99B86E79A84E4BFA1E681AF222C2263726561746554696D65223A224465632031342C203230313820333A34313A353620504D227D7800);

-- ----------------------------
-- Table structure for `schedule_job`
-- ----------------------------
DROP TABLE IF EXISTS `schedule_job`;
CREATE TABLE `schedule_job` (
  `job_id` bigint(20) NOT NULL AUTO_INCREMENT COMMENT '任务id',
  `bean_name` varchar(200) DEFAULT NULL COMMENT 'spring bean名称',
  `method_name` varchar(100) DEFAULT NULL COMMENT '方法名',
  `params` varchar(2000) DEFAULT NULL COMMENT '参数',
  `cron_expression` varchar(100) DEFAULT NULL COMMENT 'cron表达式',
  `status` tinyint(4) DEFAULT NULL COMMENT '任务状态  0：正常  1：暂停',
  `remark` varchar(255) DEFAULT NULL COMMENT '备注',
  `create_time` datetime DEFAULT NULL COMMENT '创建时间',
  PRIMARY KEY (`job_id`)
) ENGINE=InnoDB AUTO_INCREMENT=8 DEFAULT CHARSET=utf8 COMMENT='定时任务';

-- ----------------------------
-- Records of schedule_job
-- ----------------------------
INSERT INTO `schedule_job` VALUES ('4', 'monitiorTask', 'pullGc', null, '0 0/1 * * * ?', '0', 'GC和内存收信息收集', '2018-12-14 15:39:54');
INSERT INTO `schedule_job` VALUES ('5', 'monitiorTask', 'pullThread', null, '0 0/1 * * * ?', '0', '线程信息收集', '2018-12-14 15:40:34');
INSERT INTO `schedule_job` VALUES ('6', 'monitiorTask', 'pullClassload', null, '0 0/1 * * * ?', '0', '类加载信息收集', '2018-12-14 15:41:15');
INSERT INTO `schedule_job` VALUES ('7', 'monitiorTask', 'clearAll', null, '0 0 0 * * ?', '0', '每日凌晨清空JVM收集的信息', '2018-12-14 15:41:56');

-- ----------------------------
-- Table structure for `schedule_job_log`
-- ----------------------------
DROP TABLE IF EXISTS `schedule_job_log`;
CREATE TABLE `schedule_job_log` (
  `log_id` bigint(20) NOT NULL AUTO_INCREMENT COMMENT '任务日志id',
  `job_id` bigint(20) NOT NULL COMMENT '任务id',
  `bean_name` varchar(200) DEFAULT NULL COMMENT 'spring bean名称',
  `method_name` varchar(100) DEFAULT NULL COMMENT '方法名',
  `params` varchar(2000) DEFAULT NULL COMMENT '参数',
  `status` tinyint(4) NOT NULL COMMENT '任务状态    0：成功    1：失败',
  `error` varchar(2000) DEFAULT NULL COMMENT '失败信息',
  `times` int(11) NOT NULL COMMENT '耗时(单位：毫秒)',
  `create_time` datetime DEFAULT NULL COMMENT '创建时间',
  PRIMARY KEY (`log_id`),
  KEY `job_id` (`job_id`)
) ENGINE=InnoDB AUTO_INCREMENT=152 DEFAULT CHARSET=utf8 COMMENT='定时任务日志';

-- ----------------------------
-- Records of schedule_job_log
-- ----------------------------
INSERT INTO `schedule_job_log` VALUES ('49', '6', 'monitiorTask', 'pullClassload', null, '0', null, '3248', '2019-01-04 17:04:00');
INSERT INTO `schedule_job_log` VALUES ('50', '5', 'monitiorTask', 'pullThread', null, '0', null, '3302', '2019-01-04 17:04:00');
INSERT INTO `schedule_job_log` VALUES ('51', '4', 'monitiorTask', 'pullGc', null, '0', null, '3287', '2019-01-04 17:04:00');
INSERT INTO `schedule_job_log` VALUES ('52', '4', 'monitiorTask', 'pullGc', null, '0', null, '548', '2019-01-04 17:05:00');
INSERT INTO `schedule_job_log` VALUES ('53', '5', 'monitiorTask', 'pullThread', null, '0', null, '562', '2019-01-04 17:05:00');
INSERT INTO `schedule_job_log` VALUES ('54', '6', 'monitiorTask', 'pullClassload', null, '0', null, '755', '2019-01-04 17:05:00');
INSERT INTO `schedule_job_log` VALUES ('55', '4', 'monitiorTask', 'pullGc', null, '0', null, '370', '2019-01-04 17:06:00');
INSERT INTO `schedule_job_log` VALUES ('56', '5', 'monitiorTask', 'pullThread', null, '0', null, '322', '2019-01-04 17:06:00');
INSERT INTO `schedule_job_log` VALUES ('57', '6', 'monitiorTask', 'pullClassload', null, '0', null, '465', '2019-01-04 17:06:00');
INSERT INTO `schedule_job_log` VALUES ('58', '6', 'monitiorTask', 'pullClassload', null, '1', 'java.util.concurrent.ExecutionException: com.pflm.common.exception.MyException: 执行定时任务失败', '297', '2019-01-04 18:38:00');
INSERT INTO `schedule_job_log` VALUES ('59', '4', 'monitiorTask', 'pullGc', null, '1', 'java.util.concurrent.ExecutionException: com.pflm.common.exception.MyException: 执行定时任务失败', '445', '2019-01-04 18:38:00');
INSERT INTO `schedule_job_log` VALUES ('60', '5', 'monitiorTask', 'pullThread', null, '1', 'java.util.concurrent.ExecutionException: com.pflm.common.exception.MyException: 执行定时任务失败', '365', '2019-01-04 18:38:00');
INSERT INTO `schedule_job_log` VALUES ('61', '4', 'monitiorTask', 'pullGc', null, '1', 'java.util.concurrent.ExecutionException: com.pflm.common.exception.MyException: 执行定时任务失败', '15', '2019-01-04 18:39:00');
INSERT INTO `schedule_job_log` VALUES ('62', '5', 'monitiorTask', 'pullThread', null, '1', 'java.util.concurrent.ExecutionException: com.pflm.common.exception.MyException: 执行定时任务失败', '31', '2019-01-04 18:39:00');
INSERT INTO `schedule_job_log` VALUES ('63', '6', 'monitiorTask', 'pullClassload', null, '1', 'java.util.concurrent.ExecutionException: com.pflm.common.exception.MyException: 执行定时任务失败', '29', '2019-01-04 18:39:00');
INSERT INTO `schedule_job_log` VALUES ('64', '4', 'monitiorTask', 'pullGc', null, '1', 'java.util.concurrent.ExecutionException: com.pflm.common.exception.MyException: 执行定时任务失败', '23', '2019-01-04 18:42:34');
INSERT INTO `schedule_job_log` VALUES ('65', '4', 'monitiorTask', 'pullGc', null, '0', null, '667', '2019-01-07 12:14:00');
INSERT INTO `schedule_job_log` VALUES ('66', '5', 'monitiorTask', 'pullThread', null, '0', null, '612', '2019-01-07 12:14:00');
INSERT INTO `schedule_job_log` VALUES ('67', '6', 'monitiorTask', 'pullClassload', null, '0', null, '501', '2019-01-07 12:14:00');
INSERT INTO `schedule_job_log` VALUES ('68', '4', 'monitiorTask', 'pullGc', null, '0', null, '537', '2019-01-07 12:38:00');
INSERT INTO `schedule_job_log` VALUES ('69', '5', 'monitiorTask', 'pullThread', null, '0', null, '708', '2019-01-07 12:38:00');
INSERT INTO `schedule_job_log` VALUES ('70', '6', 'monitiorTask', 'pullClassload', null, '0', null, '749', '2019-01-07 12:38:00');
INSERT INTO `schedule_job_log` VALUES ('71', '5', 'monitiorTask', 'pullThread', null, '0', null, '1032', '2019-01-07 13:29:00');
INSERT INTO `schedule_job_log` VALUES ('72', '4', 'monitiorTask', 'pullGc', null, '0', null, '1167', '2019-01-07 13:29:00');
INSERT INTO `schedule_job_log` VALUES ('73', '6', 'monitiorTask', 'pullClassload', null, '0', null, '1038', '2019-01-07 13:29:00');
INSERT INTO `schedule_job_log` VALUES ('74', '4', 'monitiorTask', 'pullGc', null, '0', null, '221', '2019-01-07 13:30:00');
INSERT INTO `schedule_job_log` VALUES ('75', '5', 'monitiorTask', 'pullThread', null, '0', null, '232', '2019-01-07 13:30:00');
INSERT INTO `schedule_job_log` VALUES ('76', '6', 'monitiorTask', 'pullClassload', null, '0', null, '397', '2019-01-07 13:30:00');
INSERT INTO `schedule_job_log` VALUES ('77', '4', 'monitiorTask', 'pullGc', null, '0', null, '601', '2019-01-07 13:33:00');
INSERT INTO `schedule_job_log` VALUES ('78', '5', 'monitiorTask', 'pullThread', null, '0', null, '302', '2019-01-07 13:33:00');
INSERT INTO `schedule_job_log` VALUES ('79', '6', 'monitiorTask', 'pullClassload', null, '0', null, '614', '2019-01-07 13:33:00');
INSERT INTO `schedule_job_log` VALUES ('80', '4', 'monitiorTask', 'pullGc', null, '0', null, '401', '2019-01-07 13:37:00');
INSERT INTO `schedule_job_log` VALUES ('81', '5', 'monitiorTask', 'pullThread', null, '0', null, '416', '2019-01-07 13:37:00');
INSERT INTO `schedule_job_log` VALUES ('82', '6', 'monitiorTask', 'pullClassload', null, '0', null, '520', '2019-01-07 13:37:00');
INSERT INTO `schedule_job_log` VALUES ('83', '5', 'monitiorTask', 'pullThread', null, '0', null, '367', '2019-01-07 13:38:00');
INSERT INTO `schedule_job_log` VALUES ('84', '4', 'monitiorTask', 'pullGc', null, '0', null, '857', '2019-01-07 13:38:00');
INSERT INTO `schedule_job_log` VALUES ('85', '6', 'monitiorTask', 'pullClassload', null, '0', null, '997', '2019-01-07 13:38:00');
INSERT INTO `schedule_job_log` VALUES ('86', '4', 'monitiorTask', 'pullGc', null, '0', null, '537', '2019-01-07 13:52:00');
INSERT INTO `schedule_job_log` VALUES ('87', '5', 'monitiorTask', 'pullThread', null, '0', null, '534', '2019-01-07 13:52:00');
INSERT INTO `schedule_job_log` VALUES ('88', '6', 'monitiorTask', 'pullClassload', null, '0', null, '773', '2019-01-07 13:52:00');
INSERT INTO `schedule_job_log` VALUES ('89', '5', 'monitiorTask', 'pullThread', null, '0', null, '460', '2019-01-07 13:54:00');
INSERT INTO `schedule_job_log` VALUES ('90', '4', 'monitiorTask', 'pullGc', null, '0', null, '695', '2019-01-07 13:54:00');
INSERT INTO `schedule_job_log` VALUES ('91', '6', 'monitiorTask', 'pullClassload', null, '0', null, '597', '2019-01-07 13:54:00');
INSERT INTO `schedule_job_log` VALUES ('92', '4', 'monitiorTask', 'pullGc', null, '0', null, '227', '2019-01-07 13:55:00');
INSERT INTO `schedule_job_log` VALUES ('93', '5', 'monitiorTask', 'pullThread', null, '0', null, '224', '2019-01-07 13:55:00');
INSERT INTO `schedule_job_log` VALUES ('94', '6', 'monitiorTask', 'pullClassload', null, '0', null, '409', '2019-01-07 13:55:00');
INSERT INTO `schedule_job_log` VALUES ('95', '4', 'monitiorTask', 'pullGc', null, '0', null, '252', '2019-01-07 13:56:00');
INSERT INTO `schedule_job_log` VALUES ('96', '5', 'monitiorTask', 'pullThread', null, '0', null, '289', '2019-01-07 13:56:00');
INSERT INTO `schedule_job_log` VALUES ('97', '6', 'monitiorTask', 'pullClassload', null, '0', null, '631', '2019-01-07 13:56:00');
INSERT INTO `schedule_job_log` VALUES ('98', '4', 'monitiorTask', 'pullGc', null, '0', null, '302', '2019-01-07 13:57:00');
INSERT INTO `schedule_job_log` VALUES ('99', '5', 'monitiorTask', 'pullThread', null, '0', null, '308', '2019-01-07 13:57:00');
INSERT INTO `schedule_job_log` VALUES ('100', '6', 'monitiorTask', 'pullClassload', null, '0', null, '483', '2019-01-07 13:57:00');
INSERT INTO `schedule_job_log` VALUES ('101', '4', 'monitiorTask', 'pullGc', null, '0', null, '242', '2019-01-07 13:58:00');
INSERT INTO `schedule_job_log` VALUES ('102', '5', 'monitiorTask', 'pullThread', null, '0', null, '297', '2019-01-07 13:58:00');
INSERT INTO `schedule_job_log` VALUES ('103', '6', 'monitiorTask', 'pullClassload', null, '0', null, '460', '2019-01-07 13:58:00');
INSERT INTO `schedule_job_log` VALUES ('104', '4', 'monitiorTask', 'pullGc', null, '0', null, '241', '2019-01-07 13:59:00');
INSERT INTO `schedule_job_log` VALUES ('105', '5', 'monitiorTask', 'pullThread', null, '0', null, '232', '2019-01-07 13:59:00');
INSERT INTO `schedule_job_log` VALUES ('106', '6', 'monitiorTask', 'pullClassload', null, '0', null, '437', '2019-01-07 13:59:00');
INSERT INTO `schedule_job_log` VALUES ('107', '4', 'monitiorTask', 'pullGc', null, '0', null, '248', '2019-01-07 14:00:00');
INSERT INTO `schedule_job_log` VALUES ('108', '5', 'monitiorTask', 'pullThread', null, '0', null, '208', '2019-01-07 14:00:00');
INSERT INTO `schedule_job_log` VALUES ('109', '6', 'monitiorTask', 'pullClassload', null, '0', null, '446', '2019-01-07 14:00:00');
INSERT INTO `schedule_job_log` VALUES ('110', '4', 'monitiorTask', 'pullGc', null, '0', null, '312', '2019-01-07 14:01:00');
INSERT INTO `schedule_job_log` VALUES ('111', '5', 'monitiorTask', 'pullThread', null, '0', null, '268', '2019-01-07 14:01:00');
INSERT INTO `schedule_job_log` VALUES ('112', '6', 'monitiorTask', 'pullClassload', null, '0', null, '433', '2019-01-07 14:01:00');
INSERT INTO `schedule_job_log` VALUES ('113', '4', 'monitiorTask', 'pullGc', null, '0', null, '486', '2019-01-07 14:04:00');
INSERT INTO `schedule_job_log` VALUES ('114', '5', 'monitiorTask', 'pullThread', null, '0', null, '388', '2019-01-07 14:04:00');
INSERT INTO `schedule_job_log` VALUES ('115', '6', 'monitiorTask', 'pullClassload', null, '0', null, '503', '2019-01-07 14:04:00');
INSERT INTO `schedule_job_log` VALUES ('116', '5', 'monitiorTask', 'pullThread', null, '0', null, '420', '2019-01-07 14:08:00');
INSERT INTO `schedule_job_log` VALUES ('117', '4', 'monitiorTask', 'pullGc', null, '0', null, '466', '2019-01-07 14:08:00');
INSERT INTO `schedule_job_log` VALUES ('118', '6', 'monitiorTask', 'pullClassload', null, '0', null, '610', '2019-01-07 14:08:00');
INSERT INTO `schedule_job_log` VALUES ('119', '4', 'monitiorTask', 'pullGc', null, '0', null, '279', '2019-01-07 14:09:00');
INSERT INTO `schedule_job_log` VALUES ('120', '5', 'monitiorTask', 'pullThread', null, '0', null, '271', '2019-01-07 14:09:00');
INSERT INTO `schedule_job_log` VALUES ('121', '6', 'monitiorTask', 'pullClassload', null, '0', null, '441', '2019-01-07 14:09:00');
INSERT INTO `schedule_job_log` VALUES ('122', '4', 'monitiorTask', 'pullGc', null, '0', null, '278', '2019-01-07 14:11:00');
INSERT INTO `schedule_job_log` VALUES ('123', '5', 'monitiorTask', 'pullThread', null, '0', null, '395', '2019-01-07 14:11:00');
INSERT INTO `schedule_job_log` VALUES ('124', '6', 'monitiorTask', 'pullClassload', null, '0', null, '535', '2019-01-07 14:11:00');
INSERT INTO `schedule_job_log` VALUES ('125', '4', 'monitiorTask', 'pullGc', null, '0', null, '424', '2019-01-07 14:12:00');
INSERT INTO `schedule_job_log` VALUES ('126', '5', 'monitiorTask', 'pullThread', null, '0', null, '479', '2019-01-07 14:12:00');
INSERT INTO `schedule_job_log` VALUES ('127', '6', 'monitiorTask', 'pullClassload', null, '0', null, '644', '2019-01-07 14:12:00');
INSERT INTO `schedule_job_log` VALUES ('128', '4', 'monitiorTask', 'pullGc', null, '0', null, '362', '2019-01-07 14:14:00');
INSERT INTO `schedule_job_log` VALUES ('129', '5', 'monitiorTask', 'pullThread', null, '0', null, '472', '2019-01-07 14:14:00');
INSERT INTO `schedule_job_log` VALUES ('130', '6', 'monitiorTask', 'pullClassload', null, '0', null, '579', '2019-01-07 14:14:00');
INSERT INTO `schedule_job_log` VALUES ('131', '5', 'monitiorTask', 'pullThread', null, '0', null, '315', '2019-01-07 14:24:00');
INSERT INTO `schedule_job_log` VALUES ('132', '4', 'monitiorTask', 'pullGc', null, '0', null, '413', '2019-01-07 14:24:00');
INSERT INTO `schedule_job_log` VALUES ('133', '6', 'monitiorTask', 'pullClassload', null, '0', null, '511', '2019-01-07 14:24:00');
INSERT INTO `schedule_job_log` VALUES ('134', '4', 'monitiorTask', 'pullGc', null, '0', null, '280', '2019-01-07 14:25:00');
INSERT INTO `schedule_job_log` VALUES ('135', '5', 'monitiorTask', 'pullThread', null, '0', null, '323', '2019-01-07 14:25:00');
INSERT INTO `schedule_job_log` VALUES ('136', '6', 'monitiorTask', 'pullClassload', null, '0', null, '480', '2019-01-07 14:25:00');
INSERT INTO `schedule_job_log` VALUES ('137', '4', 'monitiorTask', 'pullGc', null, '0', null, '343', '2019-01-07 14:31:00');
INSERT INTO `schedule_job_log` VALUES ('138', '5', 'monitiorTask', 'pullThread', null, '0', null, '616', '2019-01-07 14:31:00');
INSERT INTO `schedule_job_log` VALUES ('139', '6', 'monitiorTask', 'pullClassload', null, '0', null, '574', '2019-01-07 14:31:00');
INSERT INTO `schedule_job_log` VALUES ('140', '4', 'monitiorTask', 'pullGc', null, '0', null, '273', '2019-01-07 14:32:00');
INSERT INTO `schedule_job_log` VALUES ('141', '5', 'monitiorTask', 'pullThread', null, '0', null, '221', '2019-01-07 14:32:00');
INSERT INTO `schedule_job_log` VALUES ('142', '6', 'monitiorTask', 'pullClassload', null, '0', null, '378', '2019-01-07 14:32:00');
INSERT INTO `schedule_job_log` VALUES ('143', '4', 'monitiorTask', 'pullGc', null, '0', null, '384', '2019-01-07 14:33:00');
INSERT INTO `schedule_job_log` VALUES ('144', '5', 'monitiorTask', 'pullThread', null, '0', null, '353', '2019-01-07 14:33:00');
INSERT INTO `schedule_job_log` VALUES ('145', '6', 'monitiorTask', 'pullClassload', null, '0', null, '641', '2019-01-07 14:33:00');
INSERT INTO `schedule_job_log` VALUES ('146', '4', 'monitiorTask', 'pullGc', null, '0', null, '285', '2019-01-07 14:43:00');
INSERT INTO `schedule_job_log` VALUES ('147', '5', 'monitiorTask', 'pullThread', null, '0', null, '326', '2019-01-07 14:43:00');
INSERT INTO `schedule_job_log` VALUES ('148', '6', 'monitiorTask', 'pullClassload', null, '0', null, '446', '2019-01-07 14:43:00');
INSERT INTO `schedule_job_log` VALUES ('149', '4', 'monitiorTask', 'pullGc', null, '0', null, '263', '2019-01-07 14:44:00');
INSERT INTO `schedule_job_log` VALUES ('150', '5', 'monitiorTask', 'pullThread', null, '0', null, '245', '2019-01-07 14:44:00');
INSERT INTO `schedule_job_log` VALUES ('151', '6', 'monitiorTask', 'pullClassload', null, '0', null, '382', '2019-01-07 14:44:00');

-- ----------------------------
-- Table structure for `sys_actuator`
-- ----------------------------
DROP TABLE IF EXISTS `sys_actuator`;
CREATE TABLE `sys_actuator` (
  `id` int(11) NOT NULL AUTO_INCREMENT,
  `name` varchar(20) NOT NULL COMMENT '应用名称',
  `url` varchar(100) NOT NULL COMMENT '访问域名',
  `date` datetime NOT NULL,
  PRIMARY KEY (`id`)
) ENGINE=InnoDB AUTO_INCREMENT=12 DEFAULT CHARSET=utf8mb4 COMMENT='监控应用表';

-- ----------------------------
-- Records of sys_actuator
-- ----------------------------
INSERT INTO `sys_actuator` VALUES ('11', 'boot-monitor', 'http://localhost:8080/', '2018-12-13 16:36:22');

-- ----------------------------
-- Table structure for `sys_user`
-- ----------------------------
DROP TABLE IF EXISTS `sys_user`;
CREATE TABLE `sys_user` (
  `id` int(10) NOT NULL AUTO_INCREMENT,
  `name` varchar(20) NOT NULL,
  `password` varchar(100) NOT NULL,
  `date` varchar(20) NOT NULL,
  PRIMARY KEY (`id`)
) ENGINE=InnoDB AUTO_INCREMENT=2 DEFAULT CHARSET=utf8mb4 COMMENT='用户表';

-- ----------------------------
-- Records of sys_user
-- ----------------------------
INSERT INTO `sys_user` VALUES ('1', 'admin', '21232f297a57a5a743894a0e4a801fc3', '2018-12-13 11:46:30');

-- ----------------------------
-- Table structure for `thread_table`
-- ----------------------------
DROP TABLE IF EXISTS `thread_table`;
CREATE TABLE `thread_table` (
  `id` int(11) NOT NULL AUTO_INCREMENT,
  `runnable` int(11) NOT NULL,
  `timed_waiting` int(11) NOT NULL,
  `waiting` int(11) NOT NULL,
  `date` varchar(255) NOT NULL,
  `name` varchar(255) NOT NULL,
  `total` int(11) NOT NULL,
  PRIMARY KEY (`id`)
) ENGINE=MyISAM AUTO_INCREMENT=1434 DEFAULT CHARSET=utf8;

-- ----------------------------
-- Records of thread_table
-- ----------------------------
INSERT INTO `thread_table` VALUES ('1381', '25', '37', '30', '12/19 13:37:02', 'boot-monitor', '94');
INSERT INTO `thread_table` VALUES ('1382', '25', '35', '33', '12/19 13:38:02', 'boot-monitor', '95');
INSERT INTO `thread_table` VALUES ('1383', '20', '35', '32', '12/19 13:39:02', 'boot-monitor', '89');
INSERT INTO `thread_table` VALUES ('1384', '25', '38', '29', '12/19 13:40:02', 'boot-monitor', '94');
INSERT INTO `thread_table` VALUES ('1385', '35', '31', '35', '12/19 14:50:02', 'boot-monitor', '103');
INSERT INTO `thread_table` VALUES ('1386', '37', '32', '35', '12/19 14:51:03', 'boot-monitor', '106');
INSERT INTO `thread_table` VALUES ('1387', '34', '33', '36', '12/19 14:52:02', 'boot-monitor', '105');
INSERT INTO `thread_table` VALUES ('1388', '13', '7', '32', '12/19 14:52:03', 'szq-admin', '58');
INSERT INTO `thread_table` VALUES ('1389', '28', '39', '39', '12/19 14:53:02', 'boot-monitor', '108');
INSERT INTO `thread_table` VALUES ('1390', '12', '7', '33', '12/19 14:53:03', 'szq-admin', '58');
INSERT INTO `thread_table` VALUES ('1391', '28', '35', '40', '12/19 14:54:02', 'boot-monitor', '105');
INSERT INTO `thread_table` VALUES ('1392', '13', '7', '32', '12/19 14:54:02', 'szq-admin', '58');
INSERT INTO `thread_table` VALUES ('1393', '28', '33', '40', '12/19 14:55:02', 'boot-monitor', '103');
INSERT INTO `thread_table` VALUES ('1394', '13', '7', '32', '12/19 14:55:02', 'szq-admin', '58');
INSERT INTO `thread_table` VALUES ('1395', '31', '32', '39', '12/19 14:56:02', 'boot-monitor', '104');
INSERT INTO `thread_table` VALUES ('1396', '12', '7', '33', '12/19 14:56:02', 'szq-admin', '58');
INSERT INTO `thread_table` VALUES ('1397', '28', '33', '40', '12/19 14:57:02', 'boot-monitor', '103');
INSERT INTO `thread_table` VALUES ('1398', '12', '7', '33', '12/19 14:57:02', 'szq-admin', '58');
INSERT INTO `thread_table` VALUES ('1399', '31', '33', '40', '12/19 15:03:02', 'boot-monitor', '106');
INSERT INTO `thread_table` VALUES ('1400', '12', '6', '33', '12/19 15:03:02', 'szq-admin', '57');
INSERT INTO `thread_table` VALUES ('1401', '35', '33', '36', '12/19 15:07:03', 'boot-monitor', '106');
INSERT INTO `thread_table` VALUES ('1402', '20', '30', '31', '01/04 17:04:03', 'boot-monitor', '87');
INSERT INTO `thread_table` VALUES ('1403', '17', '44', '37', '01/04 17:05:00', 'boot-monitor', '104');
INSERT INTO `thread_table` VALUES ('1404', '18', '43', '38', '01/04 17:06:00', 'boot-monitor', '105');
INSERT INTO `thread_table` VALUES ('1405', '17', '45', '36', '01/07 12:14:00', 'boot-monitor', '104');
INSERT INTO `thread_table` VALUES ('1406', '16', '45', '36', '01/07 12:38:00', 'boot-monitor', '103');
INSERT INTO `thread_table` VALUES ('1407', '18', '27', '34', '01/07 13:29:01', 'boot-monitor', '85');
INSERT INTO `thread_table` VALUES ('1408', '17', '27', '39', '01/07 13:30:00', 'boot-monitor', '89');
INSERT INTO `thread_table` VALUES ('1409', '18', '27', '34', '01/07 13:33:00', 'boot-monitor', '85');
INSERT INTO `thread_table` VALUES ('1410', '17', '27', '35', '01/07 13:37:00', 'boot-monitor', '85');
INSERT INTO `thread_table` VALUES ('1411', '18', '27', '38', '01/07 13:38:00', 'boot-monitor', '89');
INSERT INTO `thread_table` VALUES ('1412', '18', '27', '35', '01/07 13:52:00', 'boot-monitor', '86');
INSERT INTO `thread_table` VALUES ('1413', '18', '27', '35', '01/07 13:54:00', 'boot-monitor', '86');
INSERT INTO `thread_table` VALUES ('1414', '17', '27', '39', '01/07 13:55:00', 'boot-monitor', '89');
INSERT INTO `thread_table` VALUES ('1415', '17', '28', '40', '01/07 13:56:00', 'boot-monitor', '91');
INSERT INTO `thread_table` VALUES ('1416', '17', '27', '37', '01/07 13:57:00', 'boot-monitor', '87');
INSERT INTO `thread_table` VALUES ('1417', '16', '28', '40', '01/07 13:58:00', 'boot-monitor', '90');
INSERT INTO `thread_table` VALUES ('1418', '17', '27', '43', '01/07 13:59:00', 'boot-monitor', '93');
INSERT INTO `thread_table` VALUES ('1419', '17', '27', '46', '01/07 14:00:00', 'boot-monitor', '96');
INSERT INTO `thread_table` VALUES ('1420', '16', '46', '49', '01/07 14:01:00', 'boot-monitor', '117');
INSERT INTO `thread_table` VALUES ('1421', '17', '45', '36', '01/07 14:04:00', 'boot-monitor', '104');
INSERT INTO `thread_table` VALUES ('1422', '18', '44', '36', '01/07 14:08:00', 'boot-monitor', '104');
INSERT INTO `thread_table` VALUES ('1423', '17', '45', '39', '01/07 14:09:00', 'boot-monitor', '107');
INSERT INTO `thread_table` VALUES ('1424', '17', '45', '36', '01/07 14:11:00', 'boot-monitor', '104');
INSERT INTO `thread_table` VALUES ('1425', '18', '45', '37', '01/07 14:12:00', 'boot-monitor', '106');
INSERT INTO `thread_table` VALUES ('1426', '17', '45', '36', '01/07 14:14:00', 'boot-monitor', '104');
INSERT INTO `thread_table` VALUES ('1427', '18', '45', '35', '01/07 14:24:00', 'boot-monitor', '104');
INSERT INTO `thread_table` VALUES ('1428', '19', '43', '39', '01/07 14:25:00', 'boot-monitor', '107');
INSERT INTO `thread_table` VALUES ('1429', '17', '27', '35', '01/07 14:31:00', 'boot-monitor', '85');
INSERT INTO `thread_table` VALUES ('1430', '17', '26', '40', '01/07 14:32:00', 'boot-monitor', '89');
INSERT INTO `thread_table` VALUES ('1431', '18', '27', '41', '01/07 14:33:00', 'boot-monitor', '92');
INSERT INTO `thread_table` VALUES ('1432', '17', '44', '37', '01/07 14:43:00', 'boot-monitor', '104');
INSERT INTO `thread_table` VALUES ('1433', '16', '44', '40', '01/07 14:44:00', 'boot-monitor', '106');
